"weight.1","sd.1","mean.1","weight.2","sd.2","mean.2","v"
0.615888848136155,0.120627404705426,13.4418823364452,0.16201024722381,0.120627404705426,14.5758616641845,0.149354578834142
